C,Gamma,Accuracy
1.0,0.1,0.9264705882352942
10.0,0.1,0.9264705882352942
100.0,0.1,0.9264705882352942
1.0,1.0,0.75
10.0,1.0,0.7647058823529411
0.1,0.1,0.8823529411764706
50.0,0.5,0.8382352941176471
0.1,10.0,0.75
1000.0,1.0,0.7647058823529411
0.5,0.01,0.9705882352941176
