C,Gamma,Accuracy
1.0,0.1,0.9264705882352942
1.0,1.0,0.75
1.0,10.0,0.75
1.0,100.0,0.75
10.0,0.1,0.9264705882352942
10.0,1.0,0.7647058823529411
10.0,10.0,0.75
10.0,100.0,0.75
100.0,0.1,0.9264705882352942
100.0,1.0,0.7647058823529411
100.0,10.0,0.75
100.0,100.0,0.75
0.1,0.1,0.8823529411764706
0.1,1.0,0.75
0.1,10.0,0.75
0.1,100.0,0.75
50.0,0.1,0.9264705882352942
50.0,1.0,0.7647058823529411
50.0,10.0,0.75
50.0,100.0,0.75
0.01,0.1,0.75
0.01,1.0,0.75
0.01,10.0,0.75
0.01,100.0,0.75
